THCIC_ID,Hospital_name,Hospital_city,County_name,County_FIPS,q1,q2,q3,q4,end of list
000100,Austin State Hospital,Austin,Travis,453,74,71,81,67,end of list
000101,Big Spring State Hospital,Big Spring,Howard,227,37,38,43,22,end of list
000102,UT Medical Branch Hospital,Galveston,Galveston,167,"6,334","6,569","6,769","6,633",end of list
000104,Rio Grande State Center,Harlingen,Cameron,061,94,138,118,99,end of list
000105,UT MD Anderson Cancer Center,Houston,Harris,201,"6,084","6,753","6,830","6,881",end of list
000106,Kerrville State Hospital,Kerrville,Kerr,265,7,18,11,27,end of list
000107,Rusk State Hospital,Rusk,Cherokee,073,35,45,41,36,end of list
000108,Texas Center for Infectious Disease,San Antonio,Bexar,029,7,20,21,16,end of list
000110,San Antonio State Hospital,San Antonio,Bexar,029,56,66,74,69,end of list
000111,Terrell State Hospital,Terrell,Kaufman,257,250,291,258,249,end of list
000112,UT Health Center-Tyler,Tyler,Smith,423,545,620,541,582,end of list
000113,North Texas State Hospital-Vernon,Vernon,Wilbarger,487,92,78,75,73,end of list
000114,North Texas State Hospital,Wichita Falls,Wichita,485,119,157,131,126,end of list
000115,Harris County Psychiatric Center,Houston,Harris,201,"1,913","1,746","1,174",726,end of list
000117,Waco Center for Youth,Waco,McLennan,309,12,14,24,19,end of list
000118,El Paso Psychiatric Center,El Paso,El Paso,141,79,107,106,87,end of list
001000,Baptist St Anthonys Hospital,Amarillo,Potter,375,"4,522","4,800","4,590","4,824",end of list
002001,St Joseph Regional Health Center,Bryan,Brazos,041,"2,986","2,869","2,834","2,842",end of list
006000,Matagorda Regional Medical Center,Bay City,Matagorda,321,578,568,647,563,end of list
007000,Womans Hospital-Texas,Houston,Harris,201,"5,794","6,351","6,732","6,469",end of list
008001,Baylor Scott & White Medical Center Uptown,Dallas,Dallas,113,131,157,158,152,end of list
010000,WJ Mangold Memorial Hospital,Lockney,Floyd,153,18,26,40,34,end of list
014000,Columbus Community Hospital,Columbus,Colorado,089,311,294,385,254,end of list
016000,Anson General Hospital,Anson,Jones,253,13,15,25,29,end of list
017000,Jackson County Hospital,Edna,Jackson,239,45,26,37,23,end of list
019000,Valley Regional Medical Center,Brownsville,Cameron,061,"2,659","2,636","2,680","2,734",end of list
020000,CHRISTUS Good Shepherd Medical Center-Marshall,Marshall,Harrison,203,337,273,439,336,end of list
023000,Yoakum Community Hospital,Yoakum,DeWitt,123,152,138,165,111,end of list
026000,Childress Regional Medical Center,Childress,Childress,075,173,182,207,218,end of list
029000,CHRISTUS Good Shepherd Medical Center-Longview,Longview,Gregg,183,"4,078","3,945","3,945","4,046",end of list
030000,United Memorial Medical Center,Houston,Harris,201,182,113,117,131,end of list
034000,Palo Pinto General Hospital,Mineral Wells,Palo Pinto,363,595,552,613,530,end of list
035000,St Davids Hospital,Austin,Travis,453,"4,904","5,097","5,206","5,357",end of list
038001,CHRISTUS Southeast Texas - Jasper Memorial,Jasper,Jasper,241,138,121,163,113,end of list
040000,Ascension Providence,Waco,McLennan,309,"3,901","3,893","3,675","3,700",end of list
041000,CHI St Joseph Health Madison Hospital,Madisonville,Madison,313,47,59,54,46,end of list
044000,Baylor Scott & White Medical Center Taylor,Taylor,Williamson,491,127,96,156,97,end of list
046000,Faith Community Hospital,Jacksboro,Jack,237,93,127,152,159,end of list
047000,Texas Health Huguley Hospital,Fort Worth,Tarrant,439,"3,111","2,950","3,193","3,256",end of list
049000,Coleman County Medical Center,Coleman,Coleman,083,173,107,131,104,end of list
052000,Limestone Medical Center,Groesbeck,Limestone,293,97,80,117,75,end of list
054000,Texas Scottish Rite Hospital for Children,Dallas,Dallas,113,117,133,121,143,end of list
059000,Glen Rose Medical Center,Glen Rose,Somervell,425,79,58,83,62,end of list
061000,Huntsville Memorial Hospital,Huntsville,Walker,471,769,891,988,959,end of list
062000,Winkler County Memorial Hospital,Kermit,Winkler,495,27,25,35,44,end of list
063000,Uvalde Memorial Hospital,Uvalde,Uvalde,463,539,443,655,498,end of list
064000,Citizens Medical Center,Victoria,Victoria,469,"1,899","1,908","2,027","1,756",end of list
066000,Baylor Scott & White Hospital-Brenham,Brenham,Washington,477,426,381,486,408,end of list
070000,Goodall - Witcher Hospital,Clifton,Bosque,035,123,109,95,108,end of list
072000,CHI St Lukes Health Memorial San Augustine,San Augustine,Shelby,419,38,38,35,23,end of list
074000,Cuero Regional Hospital,Cuero,DeWitt,123,229,180,199,144,end of list
075000,Mitchell County Hospital,Colorado City,Mitchell,335,69,26,33,38,end of list
076000,HCA Houston Healthcare Tomball,Tomball,Harris,201,"2,282","2,492","2,422","2,519",end of list
078000,Brownfield Regional Medical Center,Brownfield,Terry,445,164,118,124,170,end of list
081001,Mission Trail Baptist Hospital,San Antonio,Bexar,029,"1,610","1,555","1,737","1,800",end of list
084000,Wilbarger General Hospital,Vernon,Wilbarger,487,180,198,204,206,end of list
085000,Hunt Regional Medical Center Greenville,Greenville,Hunt,231,"1,761","1,735","1,937","1,891",end of list
089001,Liberty Dayton Regional Medical Center,Liberty,Liberty,291,29,21,71,60,end of list
094000,Graham Hospital District,Graham,Young,503,88,66,76,71,end of list
095003,Paris Regional Medical Center North Campus,Paris,Lamar,277,"1,828","2,042","2,024","1,787",end of list
098000,Ochiltree General Hospital,Perryton,Ochiltree,357,138,132,151,168,end of list
100087,Montgomery County Mental Health Treatment Facility,Conroe,Montgomery,339,53,49,54,51,end of list
100093,Baylor Scott & White Institute for Rehab Frisco,Frisco,Collin,085,244,251,258,243,end of list
101100,Baptist Emergency Hospital Hausman,San Antonio,Bexar,029,61,,,4,end of list
101400,Oceans Behavioral Hospital of the Permian Basin,Midland,Midland,329,383,450,374,477,end of list
102000,Hardeman County Memorial Hospital,Quanah,Hardeman,197,23,30,40,105,end of list
103000,Memorial Hospital-Gonzales,Gonzales,Gonzales,177,164,134,203,168,end of list
106001,TMC Bonham Hospital,Bonham,Fannin,147,158,112,184,138,end of list
106100,Oceans Behavioral Hospital of Longview,Longview,Gregg,183,153,162,140,142,end of list
112100,Encompass Health Rehab Hospital Cypress,Houston,Harris,201,298,278,270,302,end of list
113000,Memorial Hospital-Seminole,Seminole,Gaines,165,300,262,414,360,end of list
114001,Baptist Medical Center,San Antonio,Bexar,029,"3,499","3,561","3,558","3,156",end of list
114100,Lone Star Behavioral Health Cypress,Cypress,Harris,201,78,88,110,112,end of list
116000,Parkview Hospital,Wheeler,Wheeler,483,16,16,25,26,end of list
117000,Texas Childrens Hospital,Houston,Harris,201,"3,322","3,878","4,040","3,849",end of list
117002,Texas Childrens Hospital West Campus,Houston,Harris,201,597,774,992,"1,045",end of list
117100,Texas Childrens Hospital-Pavilion for Women,Houston,Harris,201,"3,288","3,358","3,597","3,520",end of list
118000,CHI St Lukes Health Baylor College of Medicine Medical Center,Houston,Harris,201,"4,899","5,227","5,197","5,122",end of list
119000,Memorial Hermann Southeast Hospital,Houston,Harris,201,"3,608","3,586","3,519","3,443",end of list
124000,Houston Methodist Hospital,Houston,Harris,201,"9,355","9,677","9,647","9,569",end of list
124100,PAM Specialty Hospital of New Braunfels,New Braunfels,Guadalupe,187,108,172,199,104,end of list
126000,UTMB Angleton Danbury Medical Center,Angleton,Brazoria,039,555,593,588,627,end of list
127000,Mid-Jefferson Extended Care Hospital,Nederland,Jefferson,245,119,118,99,86,end of list
129000,CHI St Lukes Health Memorial Lufkin,Lufkin,Trinity,455,"1,421","1,491","1,454",916,end of list
130000,The Hospitals of Providence Memorial Campus,El Paso,El Paso,141,"2,886","3,056","3,215","2,999",end of list
134001,Northeast Baptist Hospital,San Antonio,Bexar,029,"2,522","2,545","2,603","2,420",end of list
136000,Schleicher County Medical Center,Eldorado,Schleicher,413,15,6,30,8,end of list
137000,Titus Regional Medical Center,Mount Pleasant,Titus,449,"1,054","1,079","1,123","1,129",end of list
139000,Culberson Hospital,Van Horn,Culberson,109,23,16,15,23,end of list
140002,South Texas Health System Edinburg,Edinburg,Hidalgo,215,"2,320","2,608","2,974","2,873",end of list
141000,Navarro Regional Hospital,Corsicana,Navarro,349,694,710,751,703,end of list
142000,Methodist Charlton Medical Center,Dallas,Dallas,113,"3,652","3,384","3,730","3,607",end of list
143000,Childrens Medical Center-Dallas,Dallas,Dallas,113,"2,303","2,787","3,410","3,341",end of list
143001,Childrens Medical Center Plano,Plano,Collin,085,572,722,"1,031","1,089",end of list
144000,Wadley Regional Medical Center,Texarkana,Bowie,037,"1,642","1,603","1,717","1,573",end of list
145000,University Medical Center,Lubbock,Lubbock,303,"5,027","5,415","5,463","5,257",end of list
146000,Covenant Hospital-Plainview,Plainview,Hale,189,382,372,441,376,end of list
147000,Lillian M Hudspeth Memorial Hospital,Sonora,Sutton,435,35,30,30,22,end of list
151000,North Runnels Hospital,Winters,Runnels,399,49,37,55,36,end of list
154000,Methodist Hospital,San Antonio,Bexar,029,"10,891","11,530","12,582","12,419",end of list
154001,Methodist Specialty & Transplant Hospital,San Antonio,Bexar,029,"2,842","3,053","3,179","3,124",end of list
154002,Northeast Methodist Hospital,San Antonio,Bexar,029,"2,911","3,103","3,076","3,013",end of list
154003,Methodist Texsan Hospital,San Antonio,Bexar,029,"1,413","1,632","1,566","1,474",end of list
155000,Guadalupe Regional Medical Center,Seguin,Guadalupe,187,"1,297","1,110","1,307","1,131",end of list
156000,Dimmit Regional Hospital,Carrizo Springs,Dimmit,127,133,116,167,113,end of list
158000,University Hospital,San Antonio,Bexar,029,"7,427","7,932","8,010","8,038",end of list
159000,Cochran Memorial Hospital,Morton,Cochran,079,1,4,2,3,end of list
164000,TIRR Memorial Hermann,Houston,Harris,201,395,400,423,405,end of list
168000,Shannon Medical Center,San Angelo,Tom Green,451,"3,659","3,797","3,812","3,947",end of list
172000,Memorial Hermann Greater Heights Hospital,Houston,Harris,201,"3,392","3,308","3,479","3,328",end of list
176000,Crosbyton Clinic Hospital,Crosbyton,Crosby,107,4,3,1,1,end of list
178000,Sweeny Community Hospital,Sweeny,Brazoria,039,58,60,86,59,end of list
180000,Las Palmas Medical Center,El Paso,El Paso,141,"3,118","3,290","3,602","3,811",end of list
181000,Medical Center Hospital,Odessa,Ector,135,"2,392","2,428","2,779","2,682",end of list
182000,Texas Health Harris Methodist HEB,Bedford,Tarrant,439,"3,172","3,140","3,471","3,511",end of list
187000,Permian Regional Medical Center,Andrews,Andrews,003,193,171,290,188,end of list
192000,Lynn County Hospital District,Tahoka,Lynn,305,21,20,31,16,end of list
193000,Clay County Memorial Hospital,Henrietta,Clay,077,53,18,13,30,end of list
195000,Collingsworth General Hospital,Wellington,Collingsworth,087,27,15,26,25,end of list
199000,Memorial Hospital-Dumas,Dumas,Moore,341,169,137,176,225,end of list
200000,Parmer Medical Center,Friona,Parmer,369,27,38,40,35,end of list
202000,Concho County Hospital,Eden,Concho,095,19,6,22,21,end of list
205000,Kimble Hospital,Junction,Kimble,267,44,23,17,24,end of list
206100,Baylor Scott & White Hospital College Station,College Station,Brazos,041,"2,336","2,495","2,566","2,364",end of list
207001,Laredo Medical Center,Laredo,Webb,479,"3,435","3,340","3,893","3,892",end of list
208100,Baylor Scott & White The Heart Hospital Denton,Denton,Denton,121,209,185,231,228,end of list
212000,HCA Houston Healthcare Clear Lake,Webster,Harris,201,"6,136","6,254","6,519","6,667",end of list
214000,Medical City Plano,Plano,Collin,085,"6,184","6,926","6,653","6,422",end of list
216001,CHRISTUS Spohn Hospital-Kleberg,Kingsville,Kleberg,273,712,559,547,457,end of list
217000,Lamb Healthcare Center,Littlefield,Lamb,279,86,85,82,931,end of list
219000,Hill Country Memorial Hospital,Fredericksburg,Gillespie,171,546,512,562,522,end of list
222000,Eastland Memorial Hospital,Eastland,Eastland,133,114,82,133,120,end of list
228001,Texas Vista Medical Center,San Antonio,Bexar,029,"2,528","2,097","2,350","2,125",end of list
229000,HCA Houston Healthcare Northwest,Houston,Harris,201,"4,122","4,327","4,572","4,424",end of list
230000,Oakbend Medical Center-Jackson,Richmond,Fort Bend,157,609,563,584,521,end of list
230001,Oakbend Medical Center-Southwest,Richmond,Fort Bend,157,586,480,573,537,end of list
234000,Ballinger Memorial Hospital District,Ballinger,Runnels,399,30,25,44,38,end of list
235000,Texas Health Harris Methodist Hospital-Fort Worth,Fort Worth,Tarrant,439,"9,012","9,327","9,554","9,602",end of list
240000,McCamey Hospital,McCamey,Upton,461,18,20,19,16,end of list
246000,Medical City-McKinney,McKinney,Collin,085,"4,131","4,336","4,533","4,462",end of list
247000,Shriners Hospitals for Children,Galveston,Galveston,167,40,36,52,54,end of list
254000,Wise Health System-FM 51,Decatur,Wise,497,54,49,52,48,end of list
254001,Wise Health System-Medical Center,Decatur,Wise,497,"2,890","1,392","1,532","1,389",end of list
255000,Methodist Dallas Medical Center,Dallas,Dallas,113,"4,085","3,885","4,126","3,778",end of list
256000,Texas Health Harris Methodist Hospital-Stephenville,Stephenville,Erath,143,282,244,441,467,end of list
258000,Iraan General Hospital,Iraan,Pecos,371,9,2,14,13,end of list
260000,Plains Memorial Hospital,Dimmitt,Castro,069,39,13,9,14,end of list
262000,Coon Memorial Hospital & Home,Dalhart,Dallam,111,113,116,137,131,end of list
263000,University Medical Center of El Paso-Alameda,El Paso,El Paso,141,"3,833","4,007","4,036","4,209",end of list
266000,The Hospitals of Providence Sierra Campus,El Paso,El Paso,141,"1,466","1,660","1,613","1,496",end of list
273000,Swisher Memorial Hospital,Tulia,Swisher,437,27,27,38,47,end of list
283000,Metropolitan Methodist Hospital,San Antonio,Bexar,029,"5,107","5,391","5,766","5,525",end of list
285000,Baylor Scott & White Medical Center Waxahachie,Waxahachie,Ellis,139,"1,960","2,029","2,402","2,265",end of list
286000,Christus Mother Frances Hospital Tyler,Tyler,Smith,423,"7,226","7,049","7,657","7,339",end of list
290000,Rankin County Hospital District,Rankin,Upton,461,15,7,8,4,end of list
294000,Hamilton Hospital,Olney,Young,503,80,65,107,97,end of list
297000,Wilson N Jones Regional Medical Center,Sherman,Grayson,181,819,983,725,206,end of list
298000,North Texas Medical Center,Gainesville,Cooke,097,347,316,403,392,end of list
300000,Baylor Scott & White Medical Center-Irving,Irving,Dallas,113,"3,104","2,804","3,215","3,265",end of list
301000,Doctors Hospital-Laredo,Laredo,Webb,479,"2,136","2,148","2,255","2,066",end of list
302000,Memorial Hermann Memorial City Medical Center,Houston,Harris,201,"5,476","5,719","5,899","5,731",end of list
303000,Texas Health Presbyterian Hospital-Kaufman,Kaufman,Kaufman,257,268,271,401,316,end of list
307000,Covenant Hospital-Levelland,Levelland,Hockley,219,188,142,169,138,end of list
314001,Valley Baptist Medical Center-Brownsville,Brownsville,Cameron,061,"1,969","2,154","2,257","2,261",end of list
315003,Dallas Regional Medical Center,Mesquite,Dallas,113,"1,920","1,815","1,619","1,647",end of list
318000,Northwest Texas Hospital,Amarillo,Potter,375,"4,648","4,594","4,838","4,810",end of list
319000,Del Sol Medical Center,El Paso,El Paso,141,"3,397","3,756","3,773","3,851",end of list
323000,Texas Health Harris Methodist Hospital Cleburne,Cleburne,Johnson,251,910,798,931,926,end of list
331000,Baylor University Medical Center,Dallas,Dallas,113,"8,995","9,723","9,679","9,653",end of list
332000,Cook Childrens Medical Center,Fort Worth,Tarrant,439,"2,315","2,606","3,077","3,182",end of list
336001,Medical City Denton,Denton,Denton,121,"2,335","2,519","2,589","2,566",end of list
337001,HCA Houston Healthcare West,Houston,Fort Bend,157,"3,219","3,371","3,304","3,131",end of list
339001,CHRISTUS Santa Rosa Medical Center,San Antonio,Bexar,029,"1,485","1,320","1,424","1,215",end of list
339002,CHRISTUS Santa Rosa Hospital-Westover Hills,San Antonio,Bexar,029,"2,557","2,602","2,648","2,536",end of list
340000,Medical City Dallas Hospital,Dallas,Dallas,113,"7,202","8,035","8,119","7,988",end of list
341000,Medical Arts Hospital,Lamesa,Dawson,115,98,92,116,114,end of list
343000,Reagan Memorial Hospital,Big Lake,Reagan,383,4,8,2,3,end of list
346000,Coryell Memorial Hospital,Gatesville,Coryell,099,99,113,176,127,end of list
347000,Memorial Hermann - Texas Medical Center,Houston,Harris,201,"8,198","8,822","8,957","9,020",end of list
348000,Nocona General Hospital,Nocona,Montague,337,123,47,72,118,end of list
349001,HCA Houston Healthcare Southeast,Pasadena,Harris,201,"3,867","3,864","4,295","4,081",end of list
355000,Fisher County Hospital District,Rotan,Fisher,151,27,28,12,34,end of list
356000,Pecos County Memorial Hospital,Fort Stockton,Pecos,371,91,76,169,107,end of list
357000,Otto Kaiser Memorial Hospital,Kenedy,Karnes,255,75,67,89,65,end of list
362000,Heart of Texas Healthcare System,Brady,McCulloch,307,18,40,44,35,end of list
363000,Baylor Scott & White All Saints Medical Center-Fort Worth,Fort Worth,Tarrant,439,"5,699","6,172","6,652","6,592",end of list
365000,Muenster Memorial Hospital,Muenster,Cooke,097,45,42,39,35,end of list
367000,Reeves County Hospital,Pecos,Reeves,389,30,18,23,170,end of list
368000,Refugio County Memorial Hospital District,Refugio,Refugio,391,18,14,30,8,end of list
370000,Mission Regional Medical Center,Mission,Hidalgo,215,"2,328","1,986","2,505","2,470",end of list
383000,Hill Regional Hospital,Hillsboro,Hill,217,288,334,380,326,end of list
384000,Harris Health System Lyndon B Johnson Hospital,Houston,Harris,201,"2,584","2,705","2,884","2,865",end of list
388000,Martin County Hospital District,Stanton,Martin,317,41,36,91,66,end of list
389000,Baptist Hospitals of Southeast Texas,Beaumont,Jefferson,245,"3,638","3,773","3,777","3,404",end of list
390000,HCA Houston Healthcare Medical Center,Houston,Harris,201,879,942,929,961,end of list
392000,Nacogdoches Medical Center,Nacogdoches,Nacogdoches,347,"1,046","1,242","1,139","1,097",end of list
393000,Starr County Memorial Hospital,Rio Grande City,Starr,427,273,246,340,320,end of list
394000,Medical City Lewisville,Lewisville,Denton,121,"2,241","2,186","2,481","2,423",end of list
395000,Hansford County Hospital,Spearman,Hansford,195,30,20,31,40,end of list
397000,Adventhealth Rollins Brook,Lampasas,Lampasas,281,126,100,197,112,end of list
397001,Adventhealth Central Texas,Killeen,Bell,027,"2,034","2,077","2,107","2,001",end of list
398000,CHRISTUS Spohn Hospital Corpus Christi,Corpus Christi,Nueces,355,368,388,415,429,end of list
398001,CHRISTUS Spohn Hospital Corpus Christi-Shoreline,Corpus Christi,Nueces,355,"4,369","3,979","3,616","3,522",end of list
398002,CHRISTUS Spohn Hospital Corpus Christi-South,Corpus Christi,Nueces,355,"2,045","2,178","2,163","2,171",end of list
400000,Valley Baptist Medical Center,Harlingen,Cameron,061,"3,604","3,825","3,753","3,705",end of list
405000,Houston Methodist Baytown Hospital,Baytown,Harris,201,"3,656","3,608","4,053","3,747",end of list
406000,Peterson Regional Medical Center,Kerrville,Kerr,265,"1,172","1,137","1,346","1,331",end of list
407000,Memorial Hermann Southwest Hospital,Houston,Harris,201,"4,727","5,090","5,357","5,046",end of list
409000,John Peter Smith Hospital,Fort Worth,Tarrant,439,"4,943","5,875","6,313","7,048",end of list
417000,United Regional Health Care System,Wichita Falls,Wichita,485,"3,808","3,760","3,863","3,507",end of list
420000,Hereford Regional Medical Center,Hereford,Deaf Smith,117,147,282,138,132,end of list
422000,Texas Health Arlington Memorial Hospital,Arlington,Tarrant,439,"3,329","3,449","3,598","3,539",end of list
424000,Lake Granbury Medical Center,Granbury,Hood,221,958,990,906,997,end of list
424500,Ascension Seton Smithville,Smithville,Fayette,149,36,35,55,38,end of list
425000,Odessa Regional Medical Center,Odessa,Ector,135,"1,741","1,526","1,525","1,465",end of list
426000,El Campo Memorial Hospital,El Campo,Wharton,481,292,225,257,220,end of list
427000,Medina Regional Hospital,Hondo,Medina,325,153,136,160,123,end of list
428000,Throckmorton County Memorial Hospital,Throckmorton,Throckmorton,447,10,9,11,8,end of list
429001,CHRISTUS Spohn Hospital-Beeville,Beeville,Bee,025,417,359,358,301,end of list
430000,Stephens Memorial Hospital,Breckenridge,Stephens,429,74,60,76,70,end of list
431000,Texas Health Presbyterian Hospital Dallas,Dallas,Dallas,113,"6,958","7,442","7,688","7,536",end of list
433000,Connally Memorial Medical Center,Floresville,Wilson,493,213,144,186,195,end of list
436000,CHI St Lukes Health Brazosport,Lake Jackson,Brazoria,039,888,"1,002","1,024",912,end of list
437000,Medical City North Hills,North Richland Hills,Tarrant,439,"1,826","1,893","1,998","2,009",end of list
439000,Cogdell Memorial Hospital,Snyder,Kent,263,214,205,244,240,end of list
441000,Frio Regional Hospital,Pearsall,Frio,163,129,152,160,125,end of list
442000,OmniPoint Health Hospital,Anahuac,Chambers,071,21,11,15,7,end of list
444001,CHRISTUS Southeast Texas - St Elizabeth,Beaumont,Jefferson,245,"3,844","3,998","4,010","4,118",end of list
446001,Christus Mother Frances Hospital Winnsboro,Winnsboro,Wood,499,70,70,78,70,end of list
448001,UT Southwestern University Hospital-Clements University,Dallas,Dallas,113,"6,817","7,532","7,872","7,569",end of list
448002,UT Southwestern University Hospital-Clements Psych,Dallas,Dallas,113,128,193,166,167,end of list
449000,Dallas Medical Center,Dallas,Dallas,113,484,423,421,358,end of list
452000,Midland Memorial Hospital,Midland,Midland,329,"3,174","2,956","3,254","3,210",end of list
453000,DeTar Hospital-Navarro,Victoria,Victoria,469,"1,546","1,447","1,469","1,391",end of list
453001,DeTar Hospital-North,Victoria,Victoria,469,587,628,765,723,end of list
457000,Hemphill County Hospital,Canadian,Hemphill,211,27,18,30,28,end of list
459000,Harris Health System Ben Taub Hospital,Houston,Harris,201,"4,350","4,762","5,071","4,858",end of list
462000,Val Verde Regional Medical Center,Del Rio,Val Verde,465,641,503,537,527,end of list
464002,Medical Center-Southeast Texas,Port Arthur,Jefferson,245,"1,887","1,809","1,736","1,501",end of list
465000,Covenant Medical Center,Lubbock,Lubbock,303,"3,333","3,471","2,982","2,630",end of list
466000,CHI St Lukes Health - Memorial Livingston,Livingston,Polk,373,446,391,416,284,end of list
467000,Crane Memorial Hospital,Crane,Crane,103,23,21,27,19,end of list
468000,Ward Memorial Hospital,Monahans,Ward,475,110,72,71,65,end of list
469000,Texas Health Harris Methodist Hospital Azle,Azle,Parker,367,495,365,449,392,end of list
471000,Rolling Plains Memorial Hospital,Sweetwater,Nolan,353,315,248,293,244,end of list
474000,Parkland Memorial Hospital,Dallas,Dallas,113,"10,078","10,496","11,378","10,888",end of list
477000,Medical City Fort Worth,Fort Worth,Tarrant,439,"2,886","3,101","3,146","3,304",end of list
478000,Nacogdoches Memorial Hospital,Nacogdoches,Nacogdoches,347,896,883,878,774,end of list
480000,Knapp Medical Center,Weslaco,Hidalgo,215,"1,541","1,480","1,596","1,545",end of list
481000,Woodland Heights Medical Center,Lufkin,Angelina,005,"1,689","1,772","1,689","1,742",end of list
485000,Yoakum County Hospital,Denver City,Yoakum,501,132,164,196,167,end of list
487000,Memorial Medical Center,Port Lavaca,Calhoun,057,175,172,205,144,end of list
488000,Driscoll Childrens Hospital,Corpus Christi,Nueces,355,628,703,762,738,end of list
490000,Electra Memorial Hospital,Electra,Wilbarger,487,78,53,81,64,end of list
495001,Comanche County Medical Center,Comanche,Comanche,093,77,43,64,52,end of list
497000,Ascension Seton Medical Center,Austin,Travis,453,"5,209","5,720","6,296","6,186",end of list
500000,Hendrick Medical Center,Abilene,Jones,253,"4,258","4,616","4,765","4,641",end of list
502000,Medical City Arlington,Arlington,Tarrant,439,"5,514","5,918","6,115","5,758",end of list
503001,St Lukes Baptist Hospital,San Antonio,Bexar,029,"3,375","3,477","3,741","3,790",end of list
505000,Parkview Regional Hospital,Mexia,Limestone,293,106,89,90,74,end of list
506001,Baylor Scott & White Medical Center Hillcrest,Waco,McLennan,309,"3,671","3,910","4,362","3,945",end of list
508001,HCA Houston Healthcare Conroe,Conroe,Montgomery,339,"4,070","4,301","4,036","3,835",end of list
513000,Baylor Scott & White Medical Center-Grapevine,Grapevine,Dallas,113,"3,664","3,791","4,109","3,811",end of list
517000,Falls Community Hospital & Clinic,Marlin,Falls,145,42,24,38,25,end of list
522000,Sabine County Hospital,Hemphill,Sabine,403,67,47,45,41,end of list
525000,Longview Regional Medical Center,Longview,Gregg,183,"3,064","3,060","3,423","3,206",end of list
527000,Lavaca Medical Center,Hallettsville,Lavaca,285,96,90,132,99,end of list
534001,Memorial Hermann Katy Hospital,Katy,Fort Bend,157,"3,649","3,668","3,983","3,575",end of list
537000,Baylor Scott & White Medical Center Temple,Temple,Bell,027,"6,613","7,163","6,780","7,017",end of list
537006,Baylor Scott & White McLane Childrens Medical Center,Temple,Bell,027,503,598,886,840,end of list
546000,Seymour Hospital,Seymour,Baylor,023,73,61,82,82,end of list
547001,Fort Duncan Regional Medical Center,Eagle Pass,Maverick,323,"1,132","1,094","1,223","1,289",end of list
549000,Methodist Richardson Medical Center,Richardson,Dallas,113,321,333,329,363,end of list
549001,Bush Renner,Richardson,Collin,085,"3,306","3,356","3,559","3,450",end of list
552000,Bellville Medical Center,Bellville,Austin,015,37,20,33,9,end of list
559000,Ascension Seton Highland Lakes,Burnet,Burnet,053,141,134,170,130,end of list
560000,Rice Medical Center,Eagle Lake,Colorado,089,36,22,61,31,end of list
568000,Knox County Hospital,Knox City,Knox,275,19,16,20,19,end of list
569000,Tyler County Hospital,Woodville,Tyler,457,75,50,86,48,end of list
571000,Shamrock General Hospital,Shamrock,Wheeler,483,28,26,26,,end of list
572000,Haskell Memorial Hospital,Haskell,Haskell,207,104,50,51,60,end of list
574001,Palacios Community Medical Center,Palacios,Matagorda,321,14,9,24,21,end of list
597000,Ascension Seton Edgar B Davis,Luling,Caldwell,055,133,119,148,145,end of list
601000,Rio Grande Regional Hospital,McAllen,Hidalgo,215,"2,775","3,602","2,699","3,832",end of list
602000,St Davids South Austin Hospital,Austin,Travis,453,"5,245","5,436","5,428","5,555",end of list
608000,Round Rock Medical Center,Round Rock,Williamson,491,"2,722","2,849","3,097","2,999",end of list
609001,Memorial Hermann Sugar Land Hospital,Sugar Land,Fort Bend,157,"2,971","2,900","3,058","2,994",end of list
615000,Memorial Hermann The Woodlands Medical Center,The Woodlands,Montgomery,339,"5,598","5,920","6,002","5,639",end of list
616000,Encompass Health Rehab Hospital Humble,Humble,Harris,201,319,284,317,299,end of list
622001,Texas NeuroRehab Center-LTAC,Austin,Travis,453,125,141,154,146,end of list
627000,Texas Health Harris Methodist Hospital-Southwest Fort Worth,Fort Worth,Tarrant,439,"3,626","3,774","4,071","4,078",end of list
629001,Palestine Regional Medical Center,Palestine,Anderson,001,"1,020",908,945,830,end of list
631000,Muleshoe Area Medical Center,Muleshoe,Bailey,017,21,23,26,16,end of list
634000,Childrens Hospital of San Antonio,San Antonio,Bexar,029,"1,396","1,511","1,561","1,549",end of list
636000,Encompass Health Rehab Hospital San Antonio,San Antonio,Bexar,029,382,363,414,409,end of list
640000,Hamilton General Hospital,Hamilton,Hamilton,193,170,129,132,104,end of list
642000,Baylor Scott & White Institute for Rehab,Dallas,Dallas,113,353,387,394,387,end of list
645000,Kindred Hospital-San Antonio,San Antonio,Bexar,029,208,140,188,144,end of list
647000,Baptist Emergency Hospital Thousand Oaks,San Antonio,Bexar,029,80,90,87,64,end of list
649000,St Davids Rehab Center,Austin,Travis,453,322,343,333,337,end of list
652000,Texas Health Specialty Hospital-Fort Worth,Fort Worth,Tarrant,439,14,20,30,20,end of list
653001,UT Southwestern University Hospital-Zale Lipshy,Dallas,Dallas,113,324,221,169,207,end of list
653002,UT Southwestern University Hospital-Zale Lipshy Psych,Dallas,Dallas,113,10,,,,end of list
653003,UT Southwestern University Hospital-Zale Lipshy Rehab,Dallas,Dallas,113,205,224,260,253,end of list
654000,Golden Plains Community Hospital,Borger,Hutchinson,233,216,204,207,205,end of list
657000,Kindred Hospital-Mansfield,Mansfield,Tarrant,439,78,,,,end of list
660000,Encompass Health Rehab Hospital Arlington,Arlington,Tarrant,439,417,364,360,398,end of list
662000,Encompass Health Rehab Hospital City View,Fort Worth,Tarrant,439,310,325,294,322,end of list
664000,Texas Health Presbyterian Hospital-Plano,Plano,Denton,121,"4,256","4,482","4,758","4,717",end of list
666000,Stonewall Memorial Hospital,Aspermont,Stonewall,433,24,26,33,17,end of list
670000,Encompass Health Rehab Hospital Plano,Plano,Collin,085,438,403,418,409,end of list
670001,Mesquite Rehabilitation Institute,Mesquite,Dallas,113,157,151,134,130,end of list
672000,Select Specialty Hospital-Dallas,Carrollton,Dallas,113,100,82,94,112,end of list
674000,TOPS Surgical Specialty Hospital,Houston,Harris,201,101,106,136,135,end of list
675000,HCA Houston Healthcare Kingwood,Kingwood,Harris,201,"5,648","5,696","5,861","5,913",end of list
676000,Kindred Hospital-Houston Medical Center,Houston,Harris,201,258,247,226,221,end of list
677001,North Central Baptist Hospital,San Antonio,Bexar,029,"4,711","4,961","5,593","5,465",end of list
679000,Burleson St Joseph Health Center-Caldwell,Caldwell,Burleson,051,71,46,54,56,end of list
680001,Encompass Health Rehab Hospital Dallas,Dallas,Dallas,113,359,367,373,353,end of list
681400,Kell West Regional Hospital,Wichita Falls,Archer,009,118,142,146,117,end of list
684000,Encompass Health Rehab Hospital Texarkana,Texarkana,Bowie,037,269,286,276,305,end of list
685000,Encompass Health Rehab Hospital Wichita Falls,Wichita Falls,Wichita,485,401,397,391,399,end of list
686000,Covenant Childrens Hospital,Lubbock,Lubbock,303,"1,540","1,627","1,885","1,601",end of list
689401,CHRISTUS Spohn Hospital Alice,Alice,Jim Wells,249,560,492,513,478,end of list
690000,Kindred Hospital-Tarrant County,Arlington,Tarrant,439,124,94,109,110,end of list
692000,CHRISTUS Trinity Mother Frances Rehab Hospital,Tyler,Smith,423,481,492,516,558,end of list
693000,Encompass Health Rehab Hospital-Midland Odessa,Midland,Midland,329,463,493,478,472,end of list
694100,Surgery Specialty Hospitals of America-Southeast Houston,Pasadena,Harris,201,31,35,33,25,end of list
695000,Encompass Health Rehab Hospital The Woodlands,Conroe,Montgomery,339,199,189,189,194,end of list
698004,Cornerstone Specialty Hospitals Clear Lake,Webster,Harris,201,158,124,166,140,end of list
700000,Cornerstone Specialty Hospitals Austin,Austin,Travis,453,100,104,111,110,end of list
700003,Encompass Health Rehab Hospital The Mid-Cities,Bedford,Tarrant,439,366,344,327,369,end of list
701000,Premier Specialty Hospital of El Paso,El Paso,El Paso,141,81,49,53,34,end of list
703000,Corpus Christi Medical Center-Bay Area,Corpus Christi,Nueces,355,"3,369","3,180","3,085","3,154",end of list
703002,Corpus Christi Medical Center-Doctors Regional,Corpus Christi,Nueces,355,"2,049","2,334","2,191","2,109",end of list
703003,Corpus Christi Medical Center-Heart Hospital,Corpus Christi,Nueces,355,482,564,715,734,end of list
703005,Bayview Behavioral Hospital,Corpus Christi,Nueces,355,545,615,544,574,end of list
704004,Corpus Christi Medical Center-Northwest,Corpus Christi,Nueces,355,8,11,28,4,end of list
706000,Kindred Hospital Houston NW,Houston,Harris,201,149,161,137,140,end of list
709001,Red River Hospital,Wichita Falls,Wichita,485,445,478,447,417,end of list
711900,Big Bend Regional Medical Center,Alpine,Brewster,043,191,161,179,180,end of list
712500,HealthBridge Childrens Hospital-Houston,Houston,Fort Bend,157,20,20,17,12,end of list
713001,CHRISTUS St Michael Rehab Hospital,Texarkana,Bowie,037,176,239,223,207,end of list
714000,Northwest Texas Surgery Center,Amarillo,Randall,381,13,13,10,2,end of list
714500,Ennis Regional Medical Center,Ennis,Ellis,139,119,119,122,114,end of list
717500,Physicians Centre Hospital,Bryan,Brazos,041,125,116,141,100,end of list
718000,Devereux Texas Treatment Network,League City,Galveston,167,5,1,5,8,end of list
718002,Highlands Rehabilitation Hospital,El Paso,El Paso,141,171,151,153,100,end of list
720000,Texas Health Seay Behavioral Health Hospital,Plano,Denton,121,303,358,335,389,end of list
720402,Kindred Hospital Clear Lake,Webster,Harris,201,179,166,171,151,end of list
723001,Laurel Ridge Treatment Center,San Antonio,Bexar,029,"1,805","2,008","1,923","2,018",end of list
724200,Texas Health Presbyterian Hospital Allen,Allen,Collin,085,887,882,"1,023","1,111",end of list
724700,Houston Methodist Willowbrook Hospital,Houston,Harris,201,"5,816","6,015","6,111","5,993",end of list
725400,Christus Mother Frances Hospital-Jacksonville,Jacksonville,Cherokee,073,223,212,290,205,end of list
727100,Kindred Hospital El Paso,El Paso,El Paso,141,169,109,108,138,end of list
728800,CHI St Joseph Health Grimes Hospital,Navasota,Grimes,185,67,56,52,33,end of list
730001,Texas Health Heart & Vascular Hospital,Arlington,Tarrant,439,246,223,267,234,end of list
736000,Ascension Providence DePaul Center,Waco,McLennan,309,317,316,299,308,end of list
737000,Clarity Child Guidance Center,San Antonio,Bexar,029,676,729,731,833,end of list
739001,Texas NeuroRehab Center,Austin,Travis,453,19,18,24,24,end of list
740000,St Lukes Hospital at the Vintage,Houston,Harris,201,"1,313","1,524","1,684","1,496",end of list
744001,Cypress Creek Hospital,Houston,Harris,201,"1,013",996,"1,000","1,054",end of list
747000,River Crest Hospital,San Angelo,Tom Green,451,534,612,629,644,end of list
750000,Methodist Hospital for Surgery,Addison,Dallas,113,394,485,464,486,end of list
754000,Glen Oaks Hospital,Greenville,Hunt,231,539,546,566,596,end of list
755001,West Oaks Hospital,Houston,Harris,201,"1,515","1,709","1,549","1,803",end of list
765001,Millwood Hospital,Arlington,Tarrant,439,981,885,"1,050","1,047",end of list
766000,Medical City Green Oaks Hospital,Dallas,Dallas,113,"1,416","1,568","1,431","1,439",end of list
770000,Ascension Seton Shoal Creek,Austin,Travis,453,443,418,330,274,end of list
778000,Texas Health Springwood Behavioral Health Hospital,Bedford,Tarrant,439,535,498,417,429,end of list
781400,Winnie Community Hospital,Winnie,Chambers,071,87,109,174,104,end of list
782001,Intracare North Hospital,Houston,Harris,201,405,438,346,376,end of list
784400,Baylor Scott & White Heart & Vascular Hospital Dallas,Dallas,Dallas,113,592,698,704,606,end of list
786200,New Braunfels Regional Rehab Hospital,New Braunfels,Guadalupe,187,180,191,188,207,end of list
786800,South Texas Spine & Surgical Hospital,San Antonio,Bexar,029,364,389,338,429,end of list
787400,Baylor Scott & White Medical Center-Frisco,Frisco,Denton,121,980,"1,104","1,206","1,252",end of list
788001,CHRISTUS St Michael Health System,Texarkana,Bowie,037,"3,455","3,392","3,317","3,211",end of list
788002,Harlingen Medical Center,Harlingen,Cameron,061,"1,013","1,072",999,905,end of list
788003,Christus St Michael Hospital Atlanta,Atlanta,Cass,067,112,90,99,112,end of list
790200,Baylor Scott & White Texas Spine & Joint Hospital,Tyler,Smith,423,529,455,494,494,end of list
790500,Memorial Hermann Surgical Hospital First Colony,Sugar Land,Fort Bend,157,38,61,56,62,end of list
792000,Texas Orthopedic Hospital,Houston,Harris,201,788,861,841,915,end of list
792700,Kindred Hospital Sugar Land,Sugar Land,Fort Bend,157,225,190,183,187,end of list
793000,HCA Houston Healthcare Mainland,Texas City,Galveston,167,"1,845","1,660","1,677","1,554",end of list
793100,St Lukes The Woodlands Hospital,The Woodlands,Montgomery,339,"3,166","3,664","3,801","3,876",end of list
794000,Northwest Hills Surgical Hospital,Austin,Travis,453,78,88,103,96,end of list
794200,Menninger Clinic,Houston,Harris,201,185,222,194,211,end of list
794600,Select Specialty Hospital-Longview,Longview,Gregg,183,89,68,90,89,end of list
795000,Nexus Specialty Hospital Shenandoah Campus,Shenandoah,Montgomery,339,70,76,71,51,end of list
795001,Nexus Specialty Hospital,The Woodlands,Montgomery,339,59,3,,,end of list
797100,Doctors Hospital-Renaissance,Edinburg,Hidalgo,215,"4,710","4,265","4,145","4,161",end of list
797101,Womens Hospital-Renaissance,Edinburg,Hidalgo,215,"3,616","3,804","4,506","4,322",end of list
797500,Ascension Seton Southwest,Austin,Hays,209,108,138,180,137,end of list
797600,Ascension Seton Northwest,Austin,Travis,453,"1,670","1,725","1,777","1,662",end of list
799001,USMD Hospital-Arlington,Arlington,Tarrant,439,212,220,231,215,end of list
799500,Baylor Scott & White Surgical Hospital Las Colinas,Irving,Dallas,113,178,180,173,197,end of list
800000,Kindred Hospital Tarrant County Fort Worth SW,Fort Worth,Tarrant,439,178,147,188,145,end of list
800010,Houston Methodist West Hospital,Houston,Harris,201,"3,754","3,837","4,239","3,895",end of list
801300,Legent Hospital of El Paso,El Paso,El Paso,141,144,182,137,157,end of list
801500,Lubbock Heart Hospital,Lubbock,Lubbock,303,406,413,468,408,end of list
802001,South Texas Health System McAllen,McAllen,Hidalgo,215,"4,325","4,332","4,099","4,154",end of list
802003,South Texas Health System Heart,McAllen,Hidalgo,215,855,970,"1,021",920,end of list
804000,Sunrise Canyon,Lubbock,Lubbock,303,153,165,141,119,end of list
804500,Baylor Scott & White Surgical Hospital-Fort Worth,Fort Worth,Tarrant,439,297,335,323,340,end of list
805100,Baylor Medical Center Trophy Club,Trophy Club,Denton,121,126,167,173,152,end of list
806002,Cedar Crest Hospital,Belton,Bell,027,696,719,690,709,end of list
806500,Tyler Continue Care Hospital,Tyler,Smith,423,130,123,126,134,end of list
812800,Texas Health Harris Methodist Hospital Southlake,Southlake,Tarrant,439,107,117,89,91,end of list
813100,Texas Institute for Surgery-Texas Health Presbyterian-Dallas,Dallas,Dallas,113,118,116,118,111,end of list
813800,Memorial Hermann Specialty Hospital Kingwood,Kingwood,Montgomery,339,62,88,98,93,end of list
814000,Medical City Las Colinas,Irving,Dallas,113,"1,793","1,795","1,945","1,888",end of list
814001,Baylor Scott & White Medical Center-Plano,Plano,Denton,121,"1,512","1,658","1,638","1,616",end of list
815300,Texas Health Center-Diagnostics & Surgery Plano,Plano,Denton,121,114,131,105,127,end of list
816001,Allegiance Behavioral Health Center-Plainview,Plainview,Hale,189,38,48,46,50,end of list
816300,Solara Specialty Hospitals McAllen,McAllen,Hidalgo,215,171,135,145,171,end of list
818600,Kingwood Pines Hospital,Kingwood,Montgomery,339,798,839,905,932,end of list
820800,Texas Health Presbyterian Hospital-Denton,Denton,Denton,121,"2,667","2,847","3,009","3,284",end of list
821100,South Texas Rehab Hospital,Brownsville,Cameron,061,160,167,154,162,end of list
822001,Houston Physicians Hospital,Webster,Harris,201,202,198,179,195,end of list
822800,Westlake Medical Center,Austin,Travis,453,182,220,235,200,end of list
823000,Houston Methodist Sugar Land Hospital,Sugar Land,Fort Bend,157,"4,729","4,656","5,249","5,228",end of list
823400,St Marks Medical Center,La Grange,Fayette,149,218,178,260,231,end of list
826800,University Behavioral Health-Denton,Denton,Denton,121,594,670,636,670,end of list
829000,Heart Hospital-Austin,Austin,Travis,453,915,959,981,946,end of list
829900,North Austin Medical Center,Austin,Travis,453,"7,303","8,023","8,161","8,150",end of list
830000,Cornerstone Regional Hospital,Edinburg,Hidalgo,215,68,51,41,27,end of list
831700,Mayhill Hospital,Denton,Denton,121,527,543,556,464,end of list
832900,Pampa Regional Medical Center,Pampa,Gray,179,338,281,285,299,end of list
835700,St Davids Georgetown Hospital,Georgetown,Williamson,491,"1,466","1,488","1,521","1,450",end of list
836300,Laredo Specialty Hospital,Laredo,Webb,479,128,75,72,67,end of list
837800,Hickory Trail Hospital,DeSoto,Dallas,113,648,700,559,556,end of list
838400,Memorial Hermann Rehab Hospital Katy,Katy,Fort Bend,157,182,179,169,181,end of list
838600,St Joseph Medical Center,Houston,Harris,201,"3,923","4,085","4,135","3,906",end of list
839100,Vibra Specialty Hospital,DeSoto,Dallas,113,126,120,140,109,end of list
840000,Mesquite Specialty Hospital,Mesquite,Dallas,113,103,79,98,68,end of list
840700,Solara Specialty Hospitals Harlingen,Harlingen,Cameron,061,138,124,131,123,end of list
841300,El Paso LTAC Hospital,El Paso,El Paso,141,54,54,48,79,end of list
842800,Methodist Mansfield Medical Center,Mansfield,Tarrant,439,"3,311","3,072","3,230","3,263",end of list
844000,Baylor Scott & White The Heart Hospital Plano,Plano,Denton,121,"1,210","1,340","1,316","1,341",end of list
844600,Warm Springs Rehab Hospital-San Antonio,San Antonio,Bexar,029,321,273,323,302,end of list
844601,Warm Springs Rehab Hospital Thousand Oaks,San Antonio,Bexar,029,222,228,223,222,end of list
844602,Warm Springs Rehab Hospital Westover Hills,San Antonio,Bexar,029,276,285,287,305,end of list
846100,St Lukes Patients Medical Center,Pasadena,Harris,201,651,612,704,702,end of list
846200,Covenant Specialty Hospital,Lubbock,Lubbock,303,89,61,76,58,end of list
847000,Texoma Medical Center,Denison,Grayson,181,"5,503","6,183","5,831","5,647",end of list
847100,Memorial Hermann Northeast,Humble,Harris,201,"3,552","3,526","3,874","3,432",end of list
847500,Solara Specialty Hospitals Harlingen Brownsville,Brownsville,Cameron,061,137,126,105,98,end of list
848100,PAM Specialty Hospital of Victoria North,Victoria,Victoria,469,68,108,58,58,end of list
848200,PAM Specialty Hospital of Luling,Luling,Caldwell,055,107,172,177,73,end of list
850300,Baylor Scott & White Continuing Care Hospital,Temple,Bell,027,119,149,85,43,end of list
852000,Dell Childrens Medical Center,Austin,Travis,453,"1,506","1,821","2,250","2,110",end of list
852100,Foundation Surgical Hospital-San Antonio,San Antonio,Bexar,029,224,291,290,384,end of list
852600,Baylor Scott & White Medical Center Round Rock,Round Rock,Williamson,491,"1,767","1,905","1,945","1,947",end of list
852900,Physicians Surgical Hospital-Quail Creek,Amarillo,Potter,375,151,157,144,142,end of list
852901,Physicians Surgical Hospital-Panhandle Campus,Amarillo,Potter,375,66,79,78,62,end of list
854100,Cornerstone Specialty Hospital Conroe,Conroe,Montgomery,339,108,102,110,99,end of list
854400,Central Texas Rehab Hospital,Austin,Travis,453,176,177,191,185,end of list
855200,Austin Lakes Hospital,Austin,Travis,453,632,668,634,599,end of list
858300,Cedar Park Regional Medical Center,Cedar Park,Williamson,491,"1,511","1,526","1,744","1,590",end of list
858600,El Paso Behavioral Health System,El Paso,El Paso,141,"1,510","1,511","1,502","1,576",end of list
859900,Texas Health Hospital Rockwall,Rockwall,Rockwall,397,"1,120","1,075","1,275",924,end of list
860600,North Central Surgical Center,Dallas,Dallas,113,402,339,379,379,end of list
861300,Encompass Health Rehab Hospital Richardson,Richardson,Dallas,113,325,354,348,335,end of list
861700,Ascension Seton Williamson,Round Rock,Williamson,491,"1,953","1,995","1,964","1,995",end of list
861900,Kate Dishman Rehab Hospital,Beaumont,Jefferson,245,100,101,95,99,end of list
862000,Methodist Rehab Hospital,Dallas,Dallas,113,309,322,318,323,end of list
863300,CHRISTUS Santa Rosa Hospital New Braunfels,New Braunfels,Guadalupe,187,"1,138","1,234","1,221","1,162",end of list
864600,Carrus Specialty Hospital,Sherman,Grayson,181,147,99,112,115,end of list
865000,The Hospitals of Providence East Campus,El Paso,El Paso,141,"2,778","2,969","3,108","2,850",end of list
865900,SE Texas ER and Hospital,Humble,Harris,201,26,39,34,35,end of list
866100,Encompass Health Rehab Hospital Round Rock,Round Rock,Williamson,491,424,448,428,476,end of list
869700,St Lukes Sugar Land Hospital,Sugar Land,Fort Bend,157,"1,487","1,619","1,678","1,505",end of list
871500,Select Rehab Hospital-Denton,Denton,Denton,121,214,226,233,218,end of list
873200,Baylor Emergency Medical Center at Aubrey,Aubrey,Denton,121,31,26,31,37,end of list
873700,Encompass Health Rehab Hospital Vision Park,Shenandoah,Montgomery,339,369,371,352,384,end of list
873800,Baylor Scott & White Institute for Rehab-Fort Worth,Fort Worth,Tarrant,439,145,148,158,143,end of list
874000,Atrium Medical Center,Stafford,Harris,201,48,30,58,33,end of list
874100,Methodist Hospital Stone Oak,San Antonio,Bexar,029,"4,157","4,503","4,292","4,362",end of list
902200,Texas Rehabilitation Hospital-Fort Worth,Fort Worth,Tarrant,439,354,338,338,346,end of list
914000,Kindred Hospital Dallas Central,Dallas,Dallas,113,142,122,136,128,end of list
915000,Aspire Hospital,Conroe,Montgomery,339,177,165,135,145,end of list
919000,Baylor Scott & White Medical Center Sunnyvale,Sunnyvale,Dallas,113,"1,039","1,022",963,"1,006",end of list
920000,Encompass Health Rehab Hospital Abilene,Abilene,Taylor,441,310,270,310,306,end of list
921000,Ascension Seton Hays,Kyle,Hays,209,"2,365","2,410","2,493","2,599",end of list
923000,St Lukes Lakeside Hospital,The Woodlands,Montgomery,339,127,139,168,181,end of list
931000,South Texas Surgical Hospital,Corpus Christi,Nueces,355,155,152,204,160,end of list
936000,Baylor Scott & White Orthopedic and Spine,Arlington,Tarrant,439,322,338,387,393,end of list
937000,Methodist McKinney Hospital,McKinney,Collin,085,185,218,223,206,end of list
943000,Texas Health Presbyterian Hospital Flower Mound,Flower Mound,Denton,121,"1,570","1,448","1,520","1,634",end of list
957000,Carrus Rehab Hospital,Sherman,Grayson,181,146,161,144,149,end of list
969000,Encompass Health Rehab Hospital Sugar Land,Sugar Land,Fort Bend,157,325,314,345,320,end of list
969200,Behavioral Hospital-Bellaire,Houston,Harris,201,"1,002","1,057","1,139","1,114",end of list
969500,Carrollton Springs,Carrollton,Denton,121,552,560,684,687,end of list
969700,El Paso Childrens Hospital,El Paso,El Paso,141,688,747,779,826,end of list
970600,Encompass Health Rehab Hospital The Vintage,Houston,Harris,201,308,326,283,321,end of list
970800,Encompass Health Rehab Hospital Austin,Austin,Travis,453,300,325,333,304,end of list
971000,Seton Medical Center Harker Heights,Harker Heights,Bell,027,"1,120",975,"1,071","1,105",end of list
971200,Accel Rehab Hospital of Plano,Plano,Denton,121,153,146,144,151,end of list
971900,Baylor Scott & White Medical Center McKinney,McKinney,Collin,085,"2,662","2,812","3,027","3,031",end of list
972810,Baptist Emergency Hospital Overlook,San Antonio,Bexar,029,33,32,73,22,end of list
972900,Texas Health Harris Methodist Hospital Alliance,Fort Worth,Tarrant,439,"2,027","2,054","2,368","2,223",end of list
972960,PAM Specialty Hospital of San Antonio,San Antonio,Bexar,029,93,85,89,89,end of list
973000,Baptist Emergency Hospital Westover Hills,San Antonio,Bexar,029,63,100,80,67,end of list
973120,Baptist Emergency Hospital Schertz,Schertz,Guadalupe,187,70,66,82,54,end of list
973130,PAM Specialty Hospital of Allen,Allen,Collin,085,287,254,279,276,end of list
973160,Austin Oaks Hospital,Austin,Travis,453,707,748,673,753,end of list
973180,Crescent Medical Center Lancaster,Lancaster,Dallas,113,250,229,309,256,end of list
973240,Oceans Behavioral Hospital Abilene,Abilene,Taylor,441,518,165,526,517,end of list
973290,Arise Austin Medical Center,Austin,Travis,453,42,95,111,97,end of list
973310,Corpus Christi Rehabilitation Hospital,Corpus Christi,Nueces,355,207,211,207,214,end of list
973320,PAM Specialty Hospital of Victoria South,Victoria,Victoria,469,84,84,88,81,end of list
973340,Vibra Hospital of Amarillo,Amarillo,Potter,375,100,82,98,87,end of list
973350,Vibra Rehabilitation Hospital Amarillo,Amarillo,Potter,375,198,192,152,148,end of list
973390,Legent Hospital for Special Surgery,Plano,Collin,085,42,62,56,63,end of list
973400,Dallas Behavioral Healthcare Hospital,DeSoto,Dallas,113,698,587,687,825,end of list
973410,Cornerstone Specialty Hospitals Round Rock,Round Rock,Williamson,491,115,113,114,110,end of list
973420,Oceans Behavioral Hospital of Lufkin,Lufkin,Trinity,455,126,148,152,154,end of list
973430,Mesa Springs,Fort Worth,Tarrant,439,682,743,740,740,end of list
973450,PAM Rehab Hospital of Victoria,Victoria,Victoria,469,206,182,193,204,end of list
973540,Baylor Emergency Medical Center at Keller,Keller,Tarrant,439,50,2,,,end of list
973550,Baylor Emergency Medical Center at Murphy,Murphy,Collin,085,34,34,32,42,end of list
973590,ContinueCare Hospital at Hendrick Medical Center,Abilene,Jones,253,69,77,76,74,end of list
973610,Baylor Emergency Medical Center at Rockwall,Rockwall,Rockwall,397,62,48,33,22,end of list
973620,Houston Methodist Continuing Care Hospital,Katy,Fort Bend,157,597,333,533,285,end of list
973640,Houston Methodist St John Hospital,Nassau Bay,Harris,201,"1,805","1,809","1,780","1,724",end of list
973730,Rock Springs,Georgetown,Williamson,491,520,540,548,514,end of list
973840,Wise Health Surgical Hospital-North Tarrant,Fort Worth,Tarrant,439,45,64,69,78,end of list
973850,Resolute Health,New Braunfels,Guadalupe,187,"1,186","1,251","1,393","1,217",end of list
973860,Altus Baytown Hospital Baytown Medical Center,Baytown,Harris,201,39,53,36,4,end of list
973900,San Antonio Behavioral Healthcare Hospital,San Antonio,Bexar,029,"1,851","1,989","1,924","1,999",end of list
973910,Georgetown Behavioral Health Institute,Georgetown,Williamson,491,800,840,790,819,end of list
973920,Baylor Emergency Medical Center-Burleson,Burleson,Johnson,251,42,21,41,34,end of list
973930,CHRISTUS Santa Rosa Hospital Alamo Heights,San Antonio,Bexar,029,153,146,126,101,end of list
973970,Warm Springs Rehab Hospital Kyle,Kyle,Hays,209,227,235,263,236,end of list
974150,Woodlands Specialty Hospital,The Woodlands,Montgomery,339,6,3,1,15,end of list
974220,Baylor Emergency Medical Center-Mansfield,Mansfield,Tarrant,439,36,51,47,56,end of list
974260,Westpark Springs,Richmond,Fort Bend,157,615,680,685,710,end of list
974270,Select Specialty Hospital Dallas (Downtown),Dallas,Dallas,113,63,64,63,61,end of list
974290,Haven Behavioral Hospital of Frisco,Frisco,Denton,121,665,749,735,732,end of list
974350,PAM Specialty Hospital of Texarkana North,Texarkana,Bowie,037,83,85,87,82,end of list
974360,PAM Specialty Hospital of Corpus Christi North,Corpus Christi,Nueces,355,61,56,73,57,end of list
974370,Houston Behavioral Healthcare Hospital,Houston,Harris,201,"1,396","1,474","1,356","1,535",end of list
974390,HCA Houston Healthcare Pearland,Pearland,Brazoria,039,870,935,"1,056",984,end of list
974470,Laredo Rehabilitation Hospital,Laredo,Webb,479,108,99,96,105,end of list
974490,Medical City Alliance,Fort Worth,Tarrant,439,"1,536","1,504","1,833","1,695",end of list
974500,Oceans Behavioral Hospital of Katy,Katy,Fort Bend,157,229,227,238,243,end of list
974530,PAM Rehabilitation Hospital of Clear Lake,Webster,Harris,201,305,270,281,281,end of list
974620,Cross Creek Hospital,Austin,Travis,453,764,826,806,831,end of list
974680,Weslaco Regional Rehab Hospital,Weslaco,Hidalgo,215,125,116,108,104,end of list
974720,ContinueCare Hospital at Medical Center Odessa,Odessa,Ector,135,67,51,58,61,end of list
974730,Texas Rehab Hospital of Arlington,Arlington,Tarrant,439,256,253,238,207,end of list
974820,Memorial Hermann Orthopedic and Spine Hospital,Bellaire,Harris,201,144,146,106,148,end of list
974910,Baylor Scott & White Surgical Hospital at Sherman,Sherman,Grayson,181,134,163,173,204,end of list
974940,Baylor Scott & White Medical Center Marble Falls,Marble Falls,Burnet,053,685,642,768,698,end of list
974980,Legent Orthopedic + Spine,San Antonio,Bexar,029,332,459,426,414,end of list
974990,Garland Behavioral Hospital,Garland,Dallas,113,475,490,247,,end of list
975000,Weatherford Rehabilitation Hospital,Weatherford,Parker,367,61,131,137,147,end of list
975010,Our Childrens House,Dallas,Dallas,113,62,79,95,83,end of list
975020,TrustPoint Rehabilitation Hospital of Lubbock,Lubbock,Lubbock,303,368,396,360,384,end of list
975111,Medical Center of Southeast Texas Beaumont Campus,Beaumont,Jefferson,245,30,38,38,17,end of list
975112,Cleveland Emergency Hospital,Cleveland,Liberty,291,14,5,4,7,end of list
975121,JPS Health Network - Trinity Springs North,Fort Worth,Tarrant,439,29,41,40,84,end of list
975122,CHI St Lukes Health Springwoods Village,Spring,Harris,201,24,10,8,1,end of list
975124,Sun Behavioral Houston,Houston,Harris,201,"1,130","1,179","1,100","1,176",end of list
975129,First Baptist Medical Center,Dallas,Dallas,113,47,74,60,73,end of list
975130,AD Hospital East,Houston,Harris,201,29,37,43,29,end of list
975138,Memorial Hermann Pearland Hospital,Pearland,Brazoria,039,"1,188","1,225","1,349","1,117",end of list
975139,Medical City Frisco,Frisco,Denton,121,"1,375","1,486","1,678","1,690",end of list
975140,UTMB League City Campus Hospital,League City,Galveston,167,"1,043","1,094","1,202","1,143",end of list
975143,Vibra Hospital of Richardson,Richardson,Dallas,113,67,50,73,60,end of list
975149,PAM Rehabilitation Hospital of Beaumont,Beaumont,Jefferson,245,171,174,174,171,end of list
975153,Methodist Southlake Hospital,Southlake,Tarrant,439,98,,,,end of list
975154,Saint Camillus Medical Center,Hurst,Tarrant,439,18,9,22,2,end of list
975155,Kindred Hospital San Antonio Central,San Antonio,Bexar,029,151,103,143,120,end of list
975159,Christus Mother Frances Hospital Sulphur Springs,Sulphur Springs,Hopkins,223,957,839,"1,056","1,043",end of list
975162,"CHI St Joseph Rehab Hospital, Encompass Health",Bryan,Brazos,041,336,342,373,348,end of list
975163,Horizon Medical Center of Denton,Denton,Denton,121,37,32,46,43,end of list
975164,Palms Behavioral Health,Harlingen,Cameron,061,633,664,655,628,end of list
975165,Baylor Scott & White Medical Center Lakeway,Lakeway,Travis,453,938,988,975,892,end of list
975167,Texas Health Hospital Clearfork,Fort Worth,Tarrant,439,101,163,110,136,end of list
975168,Eminent Medical Center,Richardson,Dallas,113,41,74,61,51,end of list
975169,St Davids Surgical Hospital,Austin,Williamson,491,95,86,94,98,end of list
975178,Eating Recovery Center,Plano,Denton,121,,37,19,27,end of list
975179,Baptist Emergency Hospital Zarzamora,San Antonio,Bexar,029,93,106,75,70,end of list
975188,The Hospitals of Providence Transmountain Campus,El Paso,El Paso,141,"1,270","1,237","1,165","1,198",end of list
975198,Freestone Medical Center,Fairfield,Freestone,161,101,82,79,60,end of list
975201,Memorial Hermann Cypress Hospital,Cypress,Harris,201,"1,883","1,823","2,006","1,930",end of list
975202,CHRISTUS Mother Frances Hospital-South Tyler,Tyler,Smith,423,1,1,5,6,end of list
975205,Texas Childrens Hospital The Woodlands,The Woodlands,Montgomery,339,518,662,886,855,end of list
975208,Houston Methodist The Woodlands Hospital,The Woodlands,Montgomery,339,"3,655","3,686","4,049","3,804",end of list
975215,Dell Seton Medical Center at The University of Texas,Austin,Travis,453,"2,461","2,556","2,720","2,706",end of list
975221,Methodist Hospital Atascosa,Jourdanton,Atascosa,013,479,418,525,343,end of list
975222,Texas Rural Hospitals,Cleveland,Liberty,291,52,41,66,40,end of list
975233,The Hospitals of Providence Horizon City Campus,Horizon City,El Paso,141,121,82,101,106,end of list
975234,Townsen Memorial Hospital,Humble,Harris,201,17,29,38,64,end of list
975241,Medical City Weatherford-Anderson,Weatherford,Parker,367,"1,457","1,578","1,636","1,690",end of list
975246,Encompass Health Rehab Hospital Pearland,Pearland,Brazoria,039,332,331,323,340,end of list
975247,Trinity Hospital,Houston,Harris,201,1,1,1,,end of list
975249,Baylor Scott & White Emergency Hospital-Grand Prairie,Grand Prairie,Tarrant,439,27,,,,end of list
975250,"Altus Houston Hospital, Celestial Hospital, Odyssey Hospital",Houston,Harris,201,89,106,114,72,end of list
975255,CHRISTUS Dubuis Hospital Beaumont,Beaumont,Jefferson,245,73,91,101,84,end of list
975258,Kingwood Emergency Hospital,Kingwood,Montgomery,339,70,82,92,80,end of list
975259,Crockett Medical Center,Crockett,Houston,225,65,57,51,70,end of list
975268,City Hospital at White Rock,Dallas,Dallas,113,"1,389","1,538","1,656","1,578",end of list
975269,Lake Travis ER,Austin,Travis,453,26,33,35,27,end of list
975270,Caprock Hospital,Bryan,Brazos,041,7,15,19,4,end of list
975271,PAM Rehab Hospital of Corpus Christi,Corpus Christi,Nueces,355,217,231,230,224,end of list
975285,Baylor Scott & White Medical Center Centennial,Frisco,Collin,085,"1,101","1,095","1,242","1,271",end of list
975286,Baylor Scott & White Medical Center Lake Pointe,Rowlette,Dallas,113,"2,133","2,187","2,488","2,482",end of list
975288,Woodland Springs,Conroe,Montgomery,339,685,713,651,717,end of list
975293,UT Health East Texas Athens Hospital,Athens,Henderson,213,"1,393","1,474","1,526","1,375",end of list
975294,UT Health East Texas Carthage Hospital,Carthage,Panola,365,202,171,156,133,end of list
975295,UT Health East Texas Henderson Hospital,Henderson,Rusk,401,347,353,404,351,end of list
975296,UT Health East Texas Jacksonville Hospital,Jacksonville,Cherokee,073,372,325,420,343,end of list
975297,UT Health East Pittsburg Hospital,Pittsburg,Camp,063,148,199,225,168,end of list
975298,UT Health East Texas Quitman Hospital,Quitman,Wood,499,225,244,261,254,end of list
975299,UT Health East Texas Tyler Regional Hospital,Tyler,Smith,423,"4,665","5,239","4,654","4,194",end of list
975301,UT Health East Texas Rehabilitation Hospital,Tyler,Smith,423,194,218,226,152,end of list
975302,UT Health East Texas Long Term Acute Care,Tyler,Smith,423,60,58,69,53,end of list
975303,PAM Specialty Hospital of Corpus Christi Bayfront,Corpus Christi,Nueces,355,61,56,65,61,end of list
975313,Baylor Scott & White Institute for Rehabilitation - Lakeway,Lakeway,Travis,453,117,143,165,151,end of list
975319,PAM Specialty Hospital of Lufkin,Lufkin,Trinity,455,72,78,67,,end of list
975321,HCA Houston Healthcare North Cypress,Cypress,Harris,201,"2,394","2,535","2,452","2,514",end of list
975322,Wise Health Surgical Hospital-Crawford,Argyle,Denton,121,23,18,28,25,end of list
975325,Sugarland Rehab Hospital,Sugar Land,Fort Bend,157,104,112,138,,end of list
975338,The Hospitals of Providence Northeast Campus,El Paso,El Paso,141,136,91,91,74,end of list
975339,PAM Rehab Hospital Round Rock,Round Rock,Williamson,491,238,245,253,250,end of list
975340,Baylor Scott & White Medical Center Pflugerville,Pflugerville,Travis,453,257,219,283,252,end of list
975354,UTMB Clear Lake Hospital,Webster,Harris,201,"1,706","1,703","1,931","1,802",end of list
975358,Kyle ER & Hospital,Kyle,Hays,209,17,21,12,13,end of list
975363,Oceans Behavioral Hospital of Pasadena,Pasadena,Harris,201,131,142,139,136,end of list
975365,Baylor St Lukes Medical Center McNair Campus,Houston,Harris,201,109,148,131,142,end of list
975371,South Plains Rehab Hospital,Lubbock,Lubbock,303,273,303,328,362,end of list
975372,Scenic Mountain Medical Center,Big Spring,Howard,227,593,591,471,483,end of list
975374,Rio Vista Behavioral Health,El Paso,El Paso,141,547,569,621,576,end of list
975376,Mid-Jefferson Extended Care Hospital Beaumont,Beaumont,Jefferson,245,99,63,126,72,end of list
975378,Trusted Medical Centers Mansfield,Mansfield,Tarrant,439,17,,3,,end of list
975385,Baylor Scott & White The Heart Hospital McKinney,McKinney,Collin,085,115,114,136,111,end of list
975386,Everest Rehabilitation Hospital Longview,Longview,Gregg,183,152,143,152,171,end of list
975388,Perimeter Behavioral Hospital of Arlington,Arlington,Tarrant,439,526,586,521,639,end of list
975389,Encompass Health Rehabilitation Hospital of Katy,Katy,Fort Bend,157,295,265,275,274,end of list
975390,Everest Rehabilitation Hospital Temple,Temple,Bell,027,110,135,127,146,end of list
975391,Baylor Scott & White Medical Center Buda,Buda,Hays,209,99,69,107,79,end of list
975393,PAM Rehabilitation Hospital Clear Lake North Campus,Webster,Harris,201,234,208,224,236,end of list
975394,PAM Rehabilitation Hospital of Humble,Humble,Harris,201,324,269,285,294,end of list
975397,Cobalt Rehabilitation Houston Heights,Houston,Harris,201,72,73,93,83,end of list
975398,Cobalt Rehabilitation Hospital El Paso,El Paso,El Paso,141,95,75,55,46,end of list
975400,KPC Promise Hospital of Dallas,Dallas,Dallas,113,75,39,52,63,end of list
975401,KPC Promise Hospital of Wichita Falls,Wichita Falls,Wichita,485,92,77,81,96,end of list
975402,United Memorial Medical Center North Hospital,Houston,Harris,201,56,22,54,48,end of list
975403,CHI St Joseph Health - College Station Hospital,College Station,Brazos,041,"1,280","1,600","1,844","1,812",end of list
975404,Perimeter Behavioral Hospital of Dallas,Garland,Dallas,113,508,580,541,844,end of list
975406,PAM Specialty Hospital of Victoria Southeast,Victoria,Victoria,469,69,76,68,71,end of list
975407,Medical City Heart & Spine Hospitals,Dallas,Dallas,113,621,811,845,820,end of list
975411,St Michaels Elite Hospital,Sugar Land,Fort Bend,157,1,5,2,7,end of list
975412,First Surgical Hospital,Bellaire,Harris,201,91,133,186,168,end of list
975413,Legent Orthopedic Hospital,Carrollton,Denton,121,76,68,85,98,end of list
975414,River Oaks Hospitals & Clinics,Houston,Harris,201,73,108,116,103,end of list
975415,Valley Baptist Micro-Hospital Weslaco,Weslaco,Hidalgo,215,42,43,43,51,end of list
975416,Stat Specialty Hospital of Laredo,Laredo,Webb,479,13,15,9,7,end of list
975417,Brushy Creek Family Hospital,Round Rock,Williamson,491,52,57,53,34,end of list
975418,Ascension Seton Bastrop,Bastrop,Bastrop,021,20,34,45,29,end of list
975779,PAM Specialty Hospital of San Antonio Medical Center,San Antonio,Bexar,029,268,182,241,190,end of list
975780,United Memorial Medical Center Sugar Land Hospital,Sugar Land,Fort Bend,157,4,5,11,15,end of list
975782,Lumberton Hospital,Lumberton,Hardin,199,40,50,38,40,end of list
975783,Texas Health Hospital Frisco,Frisco,Denton,121,"1,115","1,076","1,440","1,295",end of list
975785,Plano Surgical Hospital,Plano,Denton,121,16,7,13,9,end of list
975788,Cornerstone Specialty Hospitals Houston Medical Center,Houston,Harris,201,98,96,113,108,end of list
975789,Baylor Scott & White Medical Center Austin,Austin,Travis,453,123,131,143,122,end of list
975790,LifeCare Hospital of Plano,Plano,Denton,121,139,119,140,118,end of list
975791,LifeCare Hospital of North Texas Dallas,Dallas,Dallas,113,138,105,124,116,end of list
975792,LifeCare Hospitals of Fort Worth,Fort Worth,Tarrant,439,146,113,159,139,end of list
975801,Eating Recovery Center Legacy,Plano,Denton,121,73,73,86,96,end of list
975803,The Hospitals of Providence Spine & Pain Management Center,El Paso,El Paso,141,16,26,20,13,end of list
975805,Oceans Behavioral Hospital of Waco,Waco,McLennan,309,178,206,224,253,end of list
975813,Carrollton Regional Medical Center,Carrollton,Denton,121,851,720,714,673,end of list
975814,CHRISTUS Santa Rosa Hospital San Marcos,San Marcos,Hays,209,915,883,969,935,end of list
975834,Carrus Behavioral Hospital,Sherman,Grayson,181,143,171,170,239,end of list
975835,Wellbridge Hospital of Fort Worth,Fort Worth,Tarrant,439,262,323,283,320,end of list
975836,Wellbridge Healthcare Greater Dallas,Plano,Denton,121,189,223,236,269,end of list
975837,Texarkana Emergency Center & Hospital,Texarkana,Bowie,037,2,4,1,,end of list
975838,Spring Hospital,Spring,Harris,201,8,30,20,18,end of list
975848,PAM Rehabilitation Hospital of Richardson,Richardson,Dallas,113,96,101,102,103,end of list
975858,Mission Resiliency at Laurel Ridge Treatment Center,San Antonio,Bexar,029,180,197,205,206,end of list
975869,Hendrick Medical Center South,Abilene,Taylor,441,"1,439","1,303","1,378","1,328",end of list
975870,Texas Health Hospital Mansfield,Mansfield,Tarrant,439,229,211,411,447,end of list
975871,Canyon Creek Behavioral Health,Temple,Bell,027,207,299,499,558,end of list
975878,Hendrick Medical Center Brownwood,Brownwood,Brown,049,739,700,880,806,end of list
975879,Methodist Midlothian Medical Center,Midlothian,Ellis,139,301,261,479,446,end of list
975880,Texas Rehabilitation Hospital of Keller,Keller,Tarrant,439,71,99,100,118,end of list
975881,Methodist Hospital Stone Oak Rehab Center,San Antonio,Bexar,029,211,225,222,235,end of list
975887,Shannon Medical Center South,San Angelo,Tom Green,451,808,862,928,736,end of list
975888,Beaumont Emergency Hospital,Beaumont,Jefferson,245,14,12,3,11,end of list
975889,Clearsky Rehab Hospital of Flower Mound,Flower Mound,Denton,121,52,87,106,134,end of list
975890,Medical Behavioral Hospital of Clear Lake,Houston,Harris,201,41,87,133,166,end of list
975898,Grace Surgical Hospital,Lubbock,Lubbock,303,40,54,39,20,end of list
975908,Stat Specialty Hospital of Eagle Pass,Eagle Pass,Maverick,323,5,12,8,1,end of list
975910,Oceans Behavioral Hospital of Amarillo,Amarillo,Potter,375,25,95,118,134,end of list
975911,Mid Coast Medical Center Central,Llano,Llano,299,34,19,47,42,end of list
975944,Shannon Rehabilitation Hospital - Affiliate of Encompass Health,San Angelo,Tom Green,451,,161,173,203,end of list
975945,Elite Care Emergency Center,League City,Galveston,167,,1,11,11,end of list
975966,Methodist Southlake Medical Center,Southlake,Tarrant,439,,26,104,88,end of list
975972,Encompass Health Rehab Hospital Waco,Robinson,McLennan,309,,,56,143,end of list
975992,Nexus Childrens Hospital-The Woodlands,Spring,Montgomery,339,,,1,1,end of list
976009,Trinity Regional Hospital Sachse,Sachse,Dallas,113,,,,9,end of list
,,,,,,,,,end of list